cluster name	guilds in cluster	guilds percentiles	cluster colour
cluster_1	ENA_Pat_Sap	0.186223227539408_0.792924294903513_0.0208524775570792	#FF000066_#FF0000B2
cluster_2	ENA_Myc_Nop_Pat_Sap	0.427289908579466_0.00781030239099859_0.0177478902953586_0.119396097046414_0.427755801687764	#FFBF0066_#FFBF00B2
cluster_3	Bcn_ENA_Myc_Pat_Sap	0.00271631697186472_0.582591850118839_0.0738475420587264_0.205491239412643_0.135353051437927	#80FF0066_#80FF00B2
cluster_4	ENA_End_Myc_Nop_Pat_Sap	0.560974683303895_0.00277287144132338_0.104324539912256_0.170132755968321_0.0709741135357909_0.0908210358384138	#00FF4066_#00FF40B2
cluster_5	ENA_Myc_Nop_Pat_Sap	0.463407326025619_0.00830649121492838_0.0472920672176584_0.116124414259199_0.364869701282595	#00FFFF66_#00FFFFB2
cluster_6	ENA_End_Myc_Nop_Pat_Sap	0.671448866351109_0.00069439578011225_0.00957501704136433_0.0504296972052162_0.116798644335578_0.15105337928662	#0040FF66_#0040FFB2
cluster_7	ENA_Myc_Nop_Pat_Sap	0.645068145068145_0.195021945021945_0.00213675213675214_0.0374990374990375_0.12027412027412	#8000FF66_#8000FFB2
cluster_8	ENA_End_Myc_Nop_Pat_Sap	0.212049245734696_0.0117848864666511_0.333583940853006_0.270183857256852_0.022717526422356_0.149680543266438	#FF00BF66
